{
  "decil 1": [
    0.0,
    24.5
  ],
  "decil 2": [
    24.51,
    33.0
  ],
  "decil 3": [
    33.01,
    41.5
  ],
  "decil 4": [
    41.51,
    50.8
  ],
  "decil 5": [
    50.81,
    62.9
  ],
  "decil 6": [
    62.900000000000006,
    80.00999999999999
  ],
  "decil 7": [
    80.01,
    105.2
  ],
  "decil 8": [
    105.21,
    145.0
  ],
  "decil 9": [
    145.01,
    227.4
  ],
  "decil 10": [
    227.41,
    140338.9
  ]
}